{
  "version": 2,
  "routes": [
    { "src": "/assets/(.*)", "dest": "/assets/$1" },
    { "src": "/favicon.ico", "dest": "/favicon.ico" },
    { "src": "/manifest.json", "dest": "/manifest.json" },
    { "src": "/robots.txt", "dest": "/robots.txt" },
    { "handle": "filesystem" },
    {
      "src": "/(.*)",
      "dest": "/index.html",
      "continue": true
    }
  ],
  "rewrites": [
    { "source": "/(.*)", "destination": "/index.html" }
  ],
  "buildCommand": "npm run build",
  "outputDirectory": "dist",
  "framework": "vite",
  "cleanUrls": true,
  "trailingSlash": false
} 